at,followers,likes,videos
2026-10-08T06:13:16+00:00,45,21800,17
2026-10-08T06:14:39+00:00,45,21800,17
2026-10-08T13:40:12+00:00,45,21800,18
2026-10-08T16:09:53+00:00,45,21800,18
2026-10-08T17:05:14+00:00,45,21800,19
2026-10-08T18:05:14+00:00,45,21800,19
2026-10-08T19:05:24+00:00,45,21800,19
2026-10-08T19:58:04+00:00,45,21800,19
2026-10-08T20:05:14+00:00,45,21800,19
2026-10-08T21:05:16+00:00,45,21800,19
2026-10-08T22:05:16+00:00,45,21800,19
2026-10-08T23:05:15+00:00,45,21800,19
2026-10-09T00:05:15+00:00,45,21800,19
2026-10-09T00:24:36+00:00,45,21800,19
2026-10-09T01:05:15+00:00,45,21800,19
2026-10-09T02:05:17+00:00,45,21800,19
2026-10-09T03:05:15+00:00,45,21800,19
2026-10-09T04:05:15+00:00,45,21800,19
2026-10-09T05:05:18+00:00,46,21900,19
