at,id,views,likes,comments,shares
2026-10-08T06:13:16+00:00,7694140215287401758,8,0,0,0
2026-10-08T06:13:16+00:00,7694068238338116894,948,45,2,4
2026-10-08T06:13:16+00:00,7694007272636173598,667,29,1,0
2026-10-08T06:13:16+00:00,7693954798202178847,1193,63,3,0
2026-10-08T06:13:16+00:00,7693683150370753823,936,31,1,0
2026-10-08T06:13:16+00:00,7693632054105247007,920,35,2,1
2026-10-08T06:13:16+00:00,7693587401943436575,3838,101,9,6
2026-10-08T06:13:16+00:00,7459605332688440619,194400,21200,110,2468
2026-10-08T06:13:16+00:00,7459118084494806314,1417,38,2,1
2026-10-08T06:13:16+00:00,7458855065747705134,1047,34,1,1
2026-10-08T06:13:16+00:00,7458069658323946798,723,13,1,3
2026-10-08T06:13:16+00:00,7457924888356031787,524,6,4,1
2026-10-08T06:13:16+00:00,7457651038057778475,554,16,1,0
2026-10-08T06:13:16+00:00,7457301136744140078,911,39,2,4
2026-10-08T06:13:16+00:00,7456812481865059630,753,28,1,1
2026-10-08T06:13:16+00:00,7456556705036602670,1245,40,1,1
2026-10-08T06:13:16+00:00,7456291404726406446,1138,37,0,0
2026-10-08T06:14:39+00:00,7694140215287401758,8,0,0,0
2026-10-08T06:14:39+00:00,7694068238338116894,948,45,2,4
2026-10-08T06:14:39+00:00,7694007272636173598,667,29,1,0
2026-10-08T06:14:39+00:00,7693954798202178847,1194,63,3,0
2026-10-08T06:14:39+00:00,7693683150370753823,936,31,1,0
2026-10-08T06:14:39+00:00,7693632054105247007,920,35,2,1
2026-10-08T06:14:39+00:00,7693587401943436575,3839,101,9,6
2026-10-08T06:14:39+00:00,7459605332688440619,194400,21200,110,2468
2026-10-08T06:14:39+00:00,7459118084494806314,1417,38,2,1
2026-10-08T06:14:39+00:00,7458855065747705134,1047,34,1,1
2026-10-08T06:14:39+00:00,7458069658323946798,723,13,1,3
2026-10-08T06:14:39+00:00,7457924888356031787,524,6,4,1
2026-10-08T06:14:39+00:00,7457651038057778475,554,16,1,0
2026-10-08T06:14:39+00:00,7457301136744140078,911,39,2,4
2026-10-08T06:14:39+00:00,7456812481865059630,753,28,1,1
2026-10-08T06:14:39+00:00,7456556705036602670,1245,40,1,1
2026-10-08T06:14:39+00:00,7456291404726406446,1138,37,0,0
2026-10-08T13:40:12+00:00,7694285293855182110,1,0,0,0
2026-10-08T13:40:12+00:00,7694140215287401758,24,0,0,0
2026-10-08T13:40:12+00:00,7694068238338116894,963,47,2,4
2026-10-08T13:40:12+00:00,7694007272636173598,720,31,1,0
2026-10-08T13:40:12+00:00,7693954798202178847,1230,66,4,0
2026-10-08T13:40:12+00:00,7693683150370753823,948,31,1,0
2026-10-08T13:40:12+00:00,7693632054105247007,922,35,2,1
2026-10-08T13:40:12+00:00,7693587401943436575,3856,101,9,6
2026-10-08T13:40:12+00:00,7459605332688440619,194400,21200,110,2468
2026-10-08T13:40:12+00:00,7459118084494806314,1417,38,2,1
2026-10-08T13:40:12+00:00,7458855065747705134,1047,34,1,1
2026-10-08T13:40:12+00:00,7458069658323946798,723,13,1,3
2026-10-08T13:40:12+00:00,7457924888356031787,524,6,4,1
2026-10-08T13:40:12+00:00,7457651038057778475,554,16,1,0
2026-10-08T13:40:12+00:00,7457301136744140078,911,39,2,4
2026-10-08T13:40:12+00:00,7456812481865059630,753,28,1,1
2026-10-08T13:40:12+00:00,7456556705036602670,1245,40,1,1
2026-10-08T13:40:12+00:00,7456291404726406446,1138,37,0,0
2026-10-08T16:09:53+00:00,7694285293855182110,53,1,0,0
2026-10-08T16:09:53+00:00,7694140215287401758,33,0,0,0
2026-10-08T16:09:53+00:00,7694068238338116894,968,47,2,4
2026-10-08T16:09:53+00:00,7694007272636173598,747,31,1,0
2026-10-08T16:09:53+00:00,7693954798202178847,1250,67,4,0
2026-10-08T16:09:53+00:00,7693683150370753823,966,31,1,0
2026-10-08T16:09:53+00:00,7693632054105247007,922,35,2,1
2026-10-08T16:09:53+00:00,7693587401943436575,3863,101,9,6
2026-10-08T16:09:53+00:00,7459605332688440619,194400,21200,108,2468
2026-10-08T16:09:53+00:00,7459118084494806314,1417,38,2,1
2026-10-08T16:09:53+00:00,7458855065747705134,1047,34,1,1
2026-10-08T16:09:53+00:00,7458069658323946798,723,13,1,3
2026-10-08T16:09:53+00:00,7457924888356031787,524,6,4,1
2026-10-08T16:09:53+00:00,7457651038057778475,554,16,1,0
2026-10-08T16:09:53+00:00,7457301136744140078,911,39,2,4
2026-10-08T16:09:53+00:00,7456812481865059630,753,28,1,1
2026-10-08T16:09:53+00:00,7456556705036602670,1245,40,1,1
2026-10-08T16:09:53+00:00,7456291404726406446,1138,37,0,0
2026-10-08T17:05:14+00:00,7694332919665511711,1,0,0,0
2026-10-08T17:05:14+00:00,7694285293855182110,53,1,0,0
2026-10-08T17:05:14+00:00,7694140215287401758,35,0,0,0
2026-10-08T17:05:14+00:00,7694068238338116894,968,47,2,4
2026-10-08T17:05:14+00:00,7694007272636173598,756,31,1,0
2026-10-08T17:05:14+00:00,7693954798202178847,1250,67,4,0
2026-10-08T17:05:14+00:00,7693683150370753823,969,31,1,0
2026-10-08T17:05:14+00:00,7693632054105247007,922,35,2,1
2026-10-08T17:05:14+00:00,7693587401943436575,3865,101,9,6
2026-10-08T17:05:14+00:00,7459605332688440619,194400,21200,110,2468
2026-10-08T17:05:14+00:00,7459118084494806314,1417,38,2,1
2026-10-08T17:05:14+00:00,7458855065747705134,1047,34,1,1
2026-10-08T17:05:14+00:00,7458069658323946798,723,13,1,3
2026-10-08T17:05:14+00:00,7457924888356031787,524,6,4,1
2026-10-08T17:05:14+00:00,7457651038057778475,554,16,1,0
2026-10-08T17:05:14+00:00,7457301136744140078,911,39,2,4
2026-10-08T17:05:14+00:00,7456812481865059630,753,28,1,1
2026-10-08T17:05:14+00:00,7456556705036602670,1245,40,1,1
2026-10-08T17:05:14+00:00,7456291404726406446,1138,37,0,0
2026-10-08T18:05:14+00:00,7694332919665511711,10,0,0,0
2026-10-08T18:05:14+00:00,7694285293855182110,55,1,0,0
2026-10-08T18:05:14+00:00,7694140215287401758,37,0,0,0
2026-10-08T18:05:14+00:00,7694068238338116894,970,47,2,4
2026-10-08T18:05:14+00:00,7694007272636173598,767,31,1,0
2026-10-08T18:05:14+00:00,7693954798202178847,1253,67,4,0
2026-10-08T18:05:14+00:00,7693683150370753823,969,31,1,0
2026-10-08T18:05:14+00:00,7693632054105247007,922,35,2,1
2026-10-08T18:05:14+00:00,7693587401943436575,3866,101,9,6
2026-10-08T18:05:14+00:00,7459605332688440619,194400,21200,110,2468
2026-10-08T18:05:14+00:00,7459118084494806314,1417,38,2,1
2026-10-08T18:05:14+00:00,7458855065747705134,1047,34,1,1
2026-10-08T18:05:14+00:00,7458069658323946798,723,13,1,3
2026-10-08T18:05:14+00:00,7457924888356031787,524,6,4,1
2026-10-08T18:05:14+00:00,7457651038057778475,554,16,1,0
2026-10-08T18:05:14+00:00,7457301136744140078,911,39,2,4
2026-10-08T18:05:14+00:00,7456812481865059630,753,28,1,1
2026-10-08T18:05:14+00:00,7456556705036602670,1245,40,1,1
2026-10-08T18:05:14+00:00,7456291404726406446,1138,37,0,0
2026-10-08T19:05:24+00:00,7694332919665511711,13,0,0,0
2026-10-08T19:05:24+00:00,7694285293855182110,55,1,0,0
2026-10-08T19:05:24+00:00,7694140215287401758,40,1,0,0
2026-10-08T19:05:24+00:00,7694068238338116894,970,47,2,4
2026-10-08T19:05:24+00:00,7694007272636173598,781,31,1,0
2026-10-08T19:05:24+00:00,7693954798202178847,1255,67,4,0
2026-10-08T19:05:24+00:00,7693683150370753823,970,31,1,0
2026-10-08T19:05:24+00:00,7693632054105247007,922,35,2,1
2026-10-08T19:05:24+00:00,7693587401943436575,3870,101,9,6
2026-10-08T19:05:24+00:00,7459605332688440619,194400,21200,108,2468
2026-10-08T19:05:24+00:00,7459118084494806314,1417,38,2,1
2026-10-08T19:05:24+00:00,7458855065747705134,1047,34,1,1
2026-10-08T19:05:24+00:00,7458069658323946798,723,13,1,3
2026-10-08T19:05:24+00:00,7457924888356031787,524,6,4,1
2026-10-08T19:05:24+00:00,7457651038057778475,554,16,1,0
2026-10-08T19:05:24+00:00,7457301136744140078,911,39,2,4
2026-10-08T19:05:24+00:00,7456812481865059630,753,28,1,1
2026-10-08T19:05:24+00:00,7456556705036602670,1245,40,1,1
2026-10-08T19:05:24+00:00,7456291404726406446,1138,37,0,0
